region,city,county
福岡,福岡市,福岡市
福岡,宗像市,宗像市
福岡,福津市,福津市
福岡,古賀市,古賀市
福岡,春日市,春日市
福岡,太宰府市,太宰府市
福岡,大野城市,大野城市
福岡,筑紫野市,筑紫野市
福岡,朝倉市,朝倉市
福岡,糸島市,糸島市
福岡,那珂川市,那珂川市
福岡,糟屋郡,糟屋郡
福岡,宇美町,糟屋郡
福岡,篠栗町,糟屋郡
福岡,志免町,糟屋郡
福岡,須恵町,糟屋郡
福岡,新宮町,糟屋郡
福岡,久山町,糟屋郡
福岡,粕屋町,糟屋郡
福岡,朝倉郡,朝倉郡
福岡,筑前町,朝倉郡
福岡,東峰村,朝倉郡
北九州,北九州市,北九州市
北九州,中間市,中間市
北九州,行橋市,行橋市
北九州,豊前市,豊前市
北九州,遠賀郡,遠賀郡
北九州,芦屋町,遠賀郡
北九州,水巻町,遠賀郡
北九州,岡垣町,遠賀郡
北九州,遠賀町,遠賀郡
北九州,京都郡,京都郡
北九州,苅田町,京都郡
北九州,みやこ町,京都郡
北九州,築上郡,築上郡
北九州,吉富町,築上郡
北九州,上毛町,築上郡
北九州,築上町,築上郡
筑豊,直方市,直方市
筑豊,宮若市,宮若市
筑豊,飯塚市,飯塚市
筑豊,田川市,田川市
筑豊,嘉麻市,嘉麻市
筑豊,嘉穂郡,嘉穂郡
筑豊,桂川町,嘉穂郡
筑豊,田川郡,田川郡
筑豊,香春町,田川郡
筑豊,添田町,田川郡
筑豊,糸田町,田川郡
筑豊,川崎町,田川郡
筑豊,大任町,田川郡
筑豊,赤村,田川郡
筑豊,福智町,田川郡
筑豊,鞍手郡,鞍手郡
筑豊,小竹町,鞍手郡
筑豊,鞍手町,鞍手郡
筑後,久留米市,久留米市
筑後,小郡市,小郡市
筑後,うきは市,うきは市
筑後,大川市,大川市
筑後,筑後市,筑後市
筑後,八女市,八女市
筑後,柳川市,柳川市
筑後,みやま市,みやま市
筑後,大牟田市,大牟田市
筑後,三井郡,三井郡
筑後,大刀洗町,三井郡
筑後,三潴郡,三潴郡
筑後,大木町,三潴郡
筑後,八女郡,八女郡
筑後,広川町,八女郡
福岡,東区,東区
福岡,博多区,博多区
福岡,中央区,中央区
福岡,南区,南区
福岡,城南区,城南区
福岡,早良区,早良区
福岡,西区,西区
北九州,門司区,門司区
北九州,小倉北区,小倉北区
北九州,小倉南区,小倉南区
北九州,若松区,若松区
北九州,八幡東区,八幡東区
北九州,八幡西区,八幡西区
北九州,戸畑区,戸畑区
